﻿pos_x,pos_y,rotation,side,designator,mpn,pack,footprint,value,mount_type,place
116.9375,-144.0,180.0,top,J1,,,CUI_PJ-037BH,PJ-037BH,tht,True
159.54,-70.0,180.0,top,J10,,,TerminalBlock_bornier-2_P5.08mm,Conn_01x02_Pin,tht,True
111.54,-70.0,180.0,top,J11,,,TerminalBlock_bornier-2_P5.08mm,Conn_01x02_Pin,tht,True
108.0,-126.0,90.0,top,J2,,,CUI_TB001-500-08BE,Screw_Terminal_01x08,tht,True
154.5,-56.8375,0.0,top,J3,,,CUI_TB002-500-02BE,Screw_Terminal_01x02,tht,True
106.0,-57.0,0.0,top,J4,,,CUI_TB002-500-02BE,Screw_Terminal_01x02,tht,True
195.0,-94.0,-90.0,top,J5,,,CUI_TB003-500-P06BE,Screw_Terminal_01x06,tht,True
195.0,-128.0,-90.0,top,J6,,,CUI_TB002-500-02BE,Screw_Terminal_01x02,tht,True
105.46,-133.0,0.0,top,J9,,,TerminalBlock_bornier-2_P5.08mm,Conn_01x02_Pin,tht,True
172.0244,-131.365,90.0,top,K1,,,AZ943-1CH-12DE,AZ943-1CH-12DE,tht,True
143.546,-92.90026,0.0,top,M1,,,ESP32-C6-DevKitM-1,ESP32-C6-DevKitM-1_1,tht,True
181.0,-81.0,180.0,top,PS1,,,CONV_1S4E_0312S1U,1S4E_0312S1U,tht,True
132.27,-80.4,180.0,top,PS2,,,CONV_1S4E_0312S1U,1S4E_0312S1U,tht,True
137.0,-143.0,-90.0,top,PS3,,,CONV_1S4E_0312S1U,1S4E_0312S1U,tht,True
131.0,-98.0,180.0,top,R1,,,R_0805_2012Metric,10k,smt,True
131.0,-104.0,180.0,top,R2,,,R_0805_2012Metric,10k,smt,True
131.0,-110.0,180.0,top,R3,,,R_0805_2012Metric,10k,smt,True
131.0,-116.0,180.0,top,R4,,,R_0805_2012Metric,10k,smt,True
181.0,-64.0,0.0,top,U1,,,AZDC007-1AE-12D,AZDC007-1AE-12D,tht,True
132.8375,-64.0,0.0,top,U2,,,AZDC007-1AE-12D,AZDC007-1AE-12D,tht,True
