﻿Designator,Quantity,Value,Footprint,Package,MPN,DNP,Mount_Type,Description
J1,1,PJ-037BH,CUI_PJ-037BH,,,,tht,
"J10, J11, J9",3,Conn_01x02_Pin,TerminalBlock_bornier-2_P5.08mm,,,,tht,"Generic connector, single row, 01x02, script generated"
J2,1,Screw_Terminal_01x08,CUI_TB001-500-08BE,,,,tht,"Generic screw terminal, single row, 01x08, script generated (kicad-library-utils/schlib/autogen/connector/)"
"J3, J4, J6",3,Screw_Terminal_01x02,CUI_TB002-500-02BE,,,,tht,"Generic screw terminal, single row, 01x02, script generated (kicad-library-utils/schlib/autogen/connector/)"
J5,1,Screw_Terminal_01x06,CUI_TB003-500-P06BE,,,,tht,"Generic screw terminal, single row, 01x06, script generated (kicad-library-utils/schlib/autogen/connector/)"
K1,1,AZ943-1CH-12DE,AZ943-1CH-12DE,,,,tht,
M1,1,ESP32-C6-DevKitM-1_1,ESP32-C6-DevKitM-1,,,,tht,
"PS1, PS2, PS3",3,1S4E_0312S1U,CONV_1S4E_0312S1U,,,,tht,
"R1, R2, R3, R4",4,10k,R_0805_2012Metric,,,,smt,Resistor
"U1, U2",2,AZDC007-1AE-12D,AZDC007-1AE-12D,,,,tht,
