﻿pos_x,pos_y,rotation,side,designator,mpn,pack,value,mount_type,place
150.0,-132.08,0.0,bottom,J1,,CUI_PJ-037BH,PJ-037BH,tht,True
177.8,-43.18,0.0,top,J10,,PinHeader_1x02_P2.54mm_Vertical,Conn_01x02_Pin,tht,True
241.3,-45.72,180.0,top,J11,,PinHeader_1x02_P2.54mm_Vertical,Conn_01x02_Pin,tht,True
154.0,-116.84,90.0,top,J2,,CUI_TB001-500-08BE,Screw_Terminal_01x08,tht,True
190.58,-43.18,0.0,top,J3,,CUI_TB002-500-02BE,Screw_Terminal_01x02,tht,True
226.14,-43.18,0.0,top,J4,,CUI_TB002-500-02BE,Screw_Terminal_01x02,tht,True
238.76,-91.76,-90.0,top,J5,,CUI_TB003-500-P06BE,Screw_Terminal_01x06,tht,True
238.76,-129.54,90.0,top,J6,,CUI_TB002-500-02BE,Screw_Terminal_01x02,tht,True
198.12,-129.9,0.0,top,J7,,Samtec_HPM-01-01-x-S_Straight_1x01_Pitch5.08mm,Conn_01x01_Pin,tht,True
198.12,-109.22,180.0,top,J8,,PinHeader_1x08_P2.54mm_Vertical,Conn_01x08_Pin,tht,True
198.12,-119.38,180.0,top,J9,,PinHeader_1x02_P2.54mm_Vertical,Conn_01x02_Pin,tht,True
216.535,-116.4844,0.0,top,K1,,AZ943-1CH-12DE,AZ943-1CH-12DE,tht,True
161.266,-86.58026,0.0,top,M1,,ESP32-C6-DevKitM-1,~,tht,True
199.39,-82.42,0.0,top,PS1,,CONV_1S4E_0312S1U,1S4E_0312S1U,tht,True
237.49,-81.28,0.0,top,PS2,,CONV_1S4E_0312S1U,1S4E_0312S1U,tht,True
218.44,-104.14,180.0,top,PS3,,CONV_1S4E_0312S1U,1S4E_0312S1U,tht,True
167.0,-99.06,0.0,bottom,R1,,R_0805_2012Metric,10k,smt,True
167.0,-102.0,0.0,bottom,R2,,R_0805_2012Metric,10k,smt,True
167.0,-105.0,0.0,bottom,R3,,R_0805_2012Metric,10k,smt,True
167.0875,-109.0,0.0,bottom,R4,,R_0805_2012Metric,10k,smt,True
185.42,-60.96,0.0,top,U1,,AZDC007-1AE-12D,~,tht,True
228.6,-60.96,0.0,top,U2,,AZDC007-1AE-12D,~,tht,True
