﻿designator,quantity,value,pack,mpn,mount_type
J1,1,PJ-037BH,CUI_PJ-037BH,,tht
"J10, J11, J9",3,Conn_01x02_Pin,PinHeader_1x02_P2.54mm_Vertical,,tht
J2,1,Screw_Terminal_01x08,CUI_TB001-500-08BE,,tht
"J3, J4, J6",3,Screw_Terminal_01x02,CUI_TB002-500-02BE,,tht
J5,1,Screw_Terminal_01x06,CUI_TB003-500-P06BE,,tht
J7,1,Conn_01x01_Pin,Samtec_HPM-01-01-x-S_Straight_1x01_Pitch5.08mm,,tht
J8,1,Conn_01x08_Pin,PinHeader_1x08_P2.54mm_Vertical,,tht
K1,1,AZ943-1CH-12DE,AZ943-1CH-12DE,,tht
M1,1,~,ESP32-C6-DevKitM-1,,tht
"PS1, PS2, PS3",3,1S4E_0312S1U,CONV_1S4E_0312S1U,,tht
"R1, R2, R3, R4",4,10k,R_0805_2012Metric,,smt
"U1, U2",2,~,AZDC007-1AE-12D,,tht
